Model,Val Accuracy
Basic CNN,0.5416666865348816
MobileNet,0.5392156839370728
VGG16,0.5882353186607361
ResNet50,0.5196078419685364
